{"cameraMode":{"drawMode":0,"name":"Shaded","section":"Shading Mode"},"sceneLighting":false,"audioPlay":false,"sceneViewState":{"m_AlwaysRefresh":false,"showFog":true,"showSkybox":false,"showFlares":true,"showImageEffects":true,"showParticleSystems":true,"showVisualEffectGraphs":true,"m_FxEnabled":true},"in2DMode":false,"pivot":{"x":-5.139999866485596,"y":12.334773063659668,"z":-1.8815836906433106},"rotation":{"x":0.0032972521148622038,"y":-0.08838827162981034,"z":0.0002921456180047244,"w":0.9960806369781494},"size":2.0180437564849855,"orthographic":false}