{"cameraMode":{"drawMode":0,"name":"Shaded","section":"Shading Mode"},"sceneLighting":false,"audioPlay":false,"sceneViewState":{"m_AlwaysRefresh":false,"showFog":true,"showSkybox":false,"showFlares":true,"showImageEffects":true,"showParticleSystems":true,"showVisualEffectGraphs":true,"m_FxEnabled":true},"in2DMode":false,"pivot":{"x":2.3400001525878908,"y":6.898641586303711,"z":-1.9376530647277833},"rotation":{"x":0.30849528312683108,"y":0.5342190265655518,"z":-0.21791598200798036,"w":0.7562758326530457},"size":0.7071067690849304,"orthographic":false}