{"cameraMode":{"drawMode":0,"name":"Shaded","section":"Shading Mode"},"sceneLighting":true,"audioPlay":false,"sceneViewState":{"m_AlwaysRefresh":false,"showFog":true,"showSkybox":false,"showFlares":true,"showImageEffects":true,"showParticleSystems":true,"showVisualEffectGraphs":true,"m_FxEnabled":true},"in2DMode":false,"pivot":{"x":13.190313339233399,"y":0.8188373446464539,"z":153.21978759765626},"rotation":{"x":-0.28863972425460818,"y":0.0033630176912993194,"z":-0.0009906572522595525,"w":-0.9575031995773315},"size":3.181375026702881,"orthographic":false}