{"cameraMode":{"drawMode":0,"name":"Shaded","section":"Shading Mode"},"sceneLighting":false,"audioPlay":false,"sceneViewState":{"m_AlwaysRefresh":false,"showFog":false,"showSkybox":false,"showFlares":false,"showImageEffects":false,"showParticleSystems":false,"showVisualEffectGraphs":true,"m_FxEnabled":true},"in2DMode":false,"pivot":{"x":-0.06087607145309448,"y":0.9200425148010254,"z":0.2184199094772339},"rotation":{"x":-0.023000864312052728,"y":-0.9747613072395325,"z":0.18797948956489564,"w":-0.11960621178150177},"size":1.3886438608169556,"orthographic":false}