{"cameraMode":{"drawMode":0,"name":"Shaded","section":"Shading Mode"},"sceneLighting":false,"audioPlay":false,"sceneViewState":{"m_AlwaysRefresh":false,"showFog":true,"showSkybox":false,"showFlares":true,"showImageEffects":true,"showParticleSystems":true,"showVisualEffectGraphs":true,"m_FxEnabled":true},"in2DMode":false,"pivot":{"x":8.293341636657715,"y":9.532488822937012,"z":0.3165333867073059},"rotation":{"x":-0.014468403533101082,"y":0.864363431930542,"z":-0.024909354746341707,"w":-0.5020428895950317},"size":1.7853572368621827,"orthographic":false}